{"cameraMode":{"drawMode":0,"name":"Shaded","section":"Shading Mode"},"sceneLighting":true,"audioPlay":false,"sceneViewState":{"m_AlwaysRefresh":false,"showFog":true,"showSkybox":true,"showFlares":true,"showImageEffects":true,"showParticleSystems":true,"showVisualEffectGraphs":true,"m_FxEnabled":true},"in2DMode":false,"pivot":{"x":1.1110105514526368,"y":2.8972764015197756,"z":-5.3330535888671879},"rotation":{"x":0.05211104452610016,"y":0.922350287437439,"z":-0.13403545320034028,"w":0.35859596729278567},"size":9.02306079864502,"orthographic":false}